Submitted at,"De 1 a 5, qual é sua avaliação geral sobre o curso?","De 1 a 5, o que você achou do nível dos professores?","De 1 a 5, o que você achou do material didático?","De 1 a 5, o que você achou da organização e do atendimento do curso?","De 1 a 5, você faria outro curso com o Canal Solar?","De 1 a 5, você indicaria um curso do Canal Solar para um amigo?",Questão 8,feedback,curso
"4 de mar., 12:20",5,4,4,4,5,5,Sim,"Devido a constantes mudanças na legislação, o conteúdo precisa de atualizações.",fundamentos
"4 de mar., 12:15",4,4,4,5,,,,,fundamentos
"4 de mar., 10:48",5,5,5,5,5,5,Não,,fundamentos
"4 de mar., 10:11",4,5,4,5,4,4,Não,,armazenamento
"3 de mar., 22:22",5,5,5,5,5,5,Não,,
"3 de mar., 22:22",4,4,5,4,5,5,Não,,
"3 de mar., 22:22",5,5,5,5,5,5,Não,,
"3 de mar., 22:21",5,5,5,5,5,5,Sim,"Sugiro, aumentar a carga horária, tem muito tema que deve ser mais trabalhado.",
"3 de mar., 22:21",5,5,5,5,5,5,Não,,
"3 de mar., 22:20",5,5,4,5,5,5,Não,,
"3 de mar., 22:20",5,5,5,5,5,5,Sim,exemplos voltados mais para baixa tensão!,
"3 de mar., 22:19",4,5,3,5,5,5,Sim,"O curso é muito bom, com professores excelente. 
Há apenas uma falha, que considero relativamente grave, que é o site. É muito confuso quanto à localização dos materiais e à atualização. Era necessário que a Ana ficasse atualizando sempre que algo era demandado.",
"3 de mar., 22:18",4,4,5,5,5,5,Não,,
"3 de mar., 22:18",5,5,4,5,5,5,Sim,"O curso é muito bom. 
Seria bacana ter um curso para cada perfil de cliente e aprofundar nos detalhes, tipo Residencial alto padrão, Comercial, Industrial. Pode até ser no mesmo curso, mas ter módulos separados. Eu ainda não concluí o curso pela plataforma, me dediquei as aulas on line, caso já tenha, desconsidere minha pontuação!
Parabéns e obrigado.",
"3 de mar., 22:18",5,5,5,5,5,5,Sim,Parabéns pelo alto nível dos professores e excelente material didático. A carga de matéria dada é bastante extensa e um único curso não consegue abranger todo o conhecimento necessário. Pretendo fazer outros cursos do canal.,
"3 de mar., 22:18",4,5,3,5,5,5,Sim,"Acho que o curso poderia disponibilizar planilhas e outros controles que facilitassem o dimensionamento dos diversos sistemas vistos no curso. A planilha do Bernardo é muito boa. A Laís só disponibilizou porque os alunos cobraram e mesmo assim achei que poderia ter uma complexidade melhor. ",
"3 de mar., 22:18",5,5,4,4,4,4,Não,,
"3 de mar., 22:18",4,5,5,5,5,5,Não,,
"3 de mar., 22:17",5,5,5,5,5,5,Sim,,
"3 de mar., 22:17",5,5,5,5,5,5,Não,,
"3 de mar., 18:43",5,5,5,5,5,5,Não,,armazenamento
"3 de mar., 17:17",5,5,5,5,5,5,,,
"3 de mar., 17:13",5,5,5,5,5,5,,,
"3 de mar., 17:12",5,2,5,5,2,2,Não,,
"2 de mar., 10:58",5,5,5,5,,,,,armazenamento
"2 de mar., 09:15",5,5,5,5,5,5,Não,,fundamentos
"2 de mar., 08:14",5,5,5,5,5,5,Sim,"  ",comercialevendas
"27 de fev., 12:12",5,5,5,5,5,5,Não,,armazenamento
"27 de fev., 11:47",3,4,2,4,3,3,Não,,armazenamento
"27 de fev., 10:18",5,5,5,5,5,5,Não,,armazenamento
"26 de fev., 23:27",5,5,4,4,,,,,armazenamento
"26 de fev., 16:09",5,5,5,5,5,5,Sim,Excelente conteúdo.,armazenamento
"26 de fev., 12:18",2,,,,,,,,armazenamento
"25 de fev., 21:08",4,5,4,5,4,4,Não,,armazenamento
"25 de fev., 17:06",4,4,4,5,4,5,Não,,armazenamento
"25 de fev., 17:06",3,5,3,5,1,1,Não,,armazenamento
"25 de fev., 11:34",5,5,5,5,5,5,Não,,lei14300
"24 de fev., 22:54",5,5,5,5,5,5,Não,,armazenamento
"24 de fev., 19:55",5,,,,,,,,homer
"24 de fev., 13:43",5,5,5,,,,,,homer
"24 de fev., 11:20",5,5,5,5,5,5,Não,,armazenamento
"23 de fev., 20:47",5,5,5,5,5,5,Não,,armazenamento
"23 de fev., 18:25",5,5,4,5,5,5,Não,,armazenamento
"23 de fev., 11:54",5,5,5,5,5,5,Não,,armazenamento
"23 de fev., 11:30",5,5,4,5,5,5,Não,,armazenamento
"23 de fev., 10:50",3,4,3,3,3,2,Não,,armazenamento
"23 de fev., 01:10",5,5,4,5,5,5,Não,,mercadolivre
"22 de fev., 16:22",4,4,4,4,3,4,Sim,"Acho que este curso merece pelo menos 03 ou 04 datas em que seja presencial. O fato de ter muitas dúvidas só no chat é muito ruim para acompanhar. Muito professores interrompem o raciocinio para explicar alguma coisa, e se perde a meada. Tem tópicos muito importantes de cálculos que não dá para tratar da forma como foi tratado no curso online. Fica o meu pedido para que seja feitos módulos presenciais. ",armazenamento
"20 de fev., 21:05",4,4,4,4,4,4,Não,,armazenamento
"20 de fev., 15:00",5,5,5,5,5,5,Não,,armazenamento
"20 de fev., 09:51",5,5,4,5,5,5,Não,,armazenamento
"20 de fev., 09:51",5,5,4,5,5,5,Não,,armazenamento
"19 de fev., 11:24",5,5,5,,,,,,comercialevendas
"18 de fev., 17:22",4,4,4,4,5,5,Não,,armazenamento
"18 de fev., 09:15",4,4,4,4,3,3,Não,,armazenamento
"17 de fev., 21:45",5,5,5,5,5,5,Sim,"Excelente didática, material de primeira e ótimo atendimento,parabén a toda equipe.",armazenamento
"17 de fev., 16:30",5,5,5,5,5,5,Não,,fundamentos
"14 de fev., 19:39",4,4,5,4,4,4,Não,,fundamentos
"14 de fev., 13:18",4,4,5,5,5,5,Não,,armazenamento
"14 de fev., 07:54",5,5,5,5,5,5,Não,,armazenamento
"13 de fev., 01:49",4,4,5,5,3,3,Não,,armazenamento
"12 de fev., 16:47",5,5,5,5,5,5,Não,,armazenamento
"12 de fev., 09:22",4,5,4,5,3,3,Sim,"O conteúdo é muito bom, mas o que eu não concordo e com os horários muito intenso as aulas precisava ser dividido em horas 2 horas no máximo e o prazo de acesso para nós e muito pequeno. isso que na minha opinião precisa melhorar    ",armazenamento
"12 de fev., 07:37",4,5,5,4,4,4,Sim,"Novamente só discordo dos horários e do tempo de acesso que temos precisava ser de pelo menos 1 ano ",zerogrid
"11 de fev., 17:19",5,5,5,5,5,5,Não,,comercialevendas
"10 de fev., 21:13",5,5,5,5,5,5,Não,,engenharia  style=
"10 de fev., 15:39",4,5,5,5,5,5,Não,,armazenamento
"10 de fev., 09:41",2,3,3,3,3,2,Não,,armazenamento
"9 de fev., 18:10",4,4,4,4,4,4,Não,,armazenamento
"8 de fev., 16:45",5,5,4,4,5,4,Não,,armazenamento
"7 de fev., 19:12",5,5,5,3,5,5,Sim,"Comprei o curso com antecedência e a vendedora me passou que seria alocado na próxima turma e seria avisado dias antes, como acompanho o canal Solar nas lives e nas redes sociais vi que teria uma turma em janeiro, enviei uma mensagem e fui informado que seria na semana seguinte mas não me informou o dia, na terça voltei a enviar mensagem e fui informado que já havia começado no dia anterior!!",mercadolivre
"6 de fev., 20:20",5,5,5,5,5,5,Não,,mercadolivre
"6 de fev., 20:08",4,5,4,5,5,5,Não,,armazenamento
"6 de fev., 15:51",5,5,4,4,5,5,Não,,fundamentos
"6 de fev., 12:36",5,5,5,5,5,5,Não,,microgeracao
"5 de fev., 21:01",5,5,5,5,5,5,Não,,usinas
"5 de fev., 16:45",5,5,5,5,5,5,Não,,fundamentos
"5 de fev., 15:20",5,5,,,,,,,comercialevendas
"5 de fev., 11:47",5,5,5,5,5,5,Não,,armazenamento
"5 de fev., 11:28",5,5,5,5,5,5,Sim,"Deveriam ampliar a duração de apenas 6 meses das gravações ",armazenamento
"4 de fev., 12:28",5,5,5,5,5,5,Não,,armazenamento
"4 de fev., 11:02",5,5,5,5,5,5,Não,,armazenamento
"4 de fev., 09:40",5,5,5,5,5,5,Não,,pvsyst
"3 de fev., 22:59",5,5,5,5,5,5,Não,,cabine
"3 de fev., 18:56",3,4,4,3,3,3,Não,,usinas
"3 de fev., 14:39",4,4,3,4,3,4,Sim,"Esperava aprender mais sobre prática de instalação, mas acho que ficou muito em legislação e temas que apesar de relevantes, no momento não contribuiu muito para que escalçasse de vez no hubrido e off-grid. Para mim ainda tenho que aprender mais sobre o tema!!",armazenamento
"3 de fev., 12:55",5,5,5,5,5,5,Não,,armazenamento
"3 de fev., 10:32",5,5,4,5,5,5,Não,,armazenamento
"2 de fev., 19:39",5,5,4,5,5,5,Não,,fundamentos
"2 de fev., 18:41",5,5,5,5,5,5,Sim,Ótimas aulas,armazenamento
"2 de fev., 14:06",5,5,5,5,5,5,Sim,ÓTIMA ESTRUTURA DE CURSO COM UMA ABRANGÊNCIA GERAL.   O CANAL SOLAR ESTÁ DE PARABÉNS,armazenamento
"2 de fev., 11:43",5,5,5,5,5,5,Não,,armazenamento
"2 de fev., 11:30",5,5,5,5,5,5,Não,,armazenamento
"2 de fev., 11:15",5,5,4,5,5,5,Sim,"Venho acompanhando o Canal Solar fazem muitos anos, este é o primeiro curso que eu faço com vocês, superou minhas expectativas. Algumas observações que eu faço na plataforma online, lá poderia separar os cursos pagos pelo acessante dos curso antigos online, e cursos ""free"", fica meio complexo de localizar o curso específico que eu fiz, mas tem bastante material. No mais, eu entendo que é um curso complexo, e o nível dos participantes deveria ser técnico avançado ou engenheiros, vejo que tem muitos participantes que são vendedores ou pessoas que estão no business de energia solar, mas tem pouca base técnica, então o nível do curso na média é bem superior a média dos participantes, mas isto faz parte não tem como limitar isto, ok.  Gostaria de participar daquele curso presencial de armazenamento de energia que vocês já ofereceram que inclui visita a uma planta da BYD na região de Campinas. Mas a equipe está de parabéns pelo conhecimento, domínio e nível dos professores.",armazenamento
"2 de fev., 08:55",5,5,5,5,5,5,Sim,,armazenamento
"1 de fev., 21:16",4,4,4,4,4,4,Não,,armazenamento
"31 de jan., 17:34",3,3,3,3,3,3,Não,,fundamentos
"31 de jan., 12:33",2,4,2,3,3,2,Sim,"Poderiam melhoras na didática do curso mostrando mais a realidade pratica das instalações e elaboração dos projetos, seria interessante também disponibilização de mais materiais com modelos de documentos para elaboração pratica de projetos etc.    ",armazenamento
"30 de jan., 16:37",5,5,5,5,5,5,Não,,armazenamento
"29 de jan., 16:27",5,5,5,5,5,5,Sim,EXCELENTE CURSO,fundamentos
"28 de jan., 22:06",5,5,5,5,5,5,Não,,armazenamento
"26 de jan., 22:10",5,5,5,5,5,5,Não,,comercialevendas
"26 de jan., 22:10",5,5,5,5,5,5,Não,,comercialevendas
"26 de jan., 00:05",5,5,4,5,5,5,Não,,armazenamento
"25 de jan., 17:30",3,3,4,3,3,3,Sim,"O conteudo do curso é muito importante, mas as constantes interruopções para responder perguntas e o merchandissing atrapalham demais. Sobre a didática dos professores, nos assuntos importantes eles correm, nos assuntos corriqueiros demoram mais tempo. Este professor Iberê tem uma didática péssima, parece que o cidadão está escondendo informação, péssima didática. Criem uma verão presencial destre curso, o aproveitamente online é péssimo para assuntos que envolvem muitos cálculos. E deixem o curso mais interativo, ler as perguntas do chat tira a concentração, E por favor, orientem o professor Bernardo se estamos pagando o curso, pára de fazer propaganda de outros cursos, ou abre uma espaço para falar só disto, não fica martelando que é um saco. ",armazenamento
"24 de jan., 10:37",5,5,5,4,5,5,Não,,armazenamento
"20 de jan., 23:02",4,5,4,5,5,5,Não,,microgeracao
"20 de jan., 07:30",5,5,5,5,5,5,Não,,armazenamento
"17 de jan., 18:04",5,5,5,5,5,5,Não,,armazenamento
"16 de jan., 12:18",5,5,5,5,5,5,Não,,zerogrid
"14 de jan., 23:34",5,5,5,5,5,5,Não,,armazenamento
"14 de jan., 14:24",5,5,5,5,5,5,Não,,comercialevendas
"13 de jan., 16:21",5,5,5,5,5,5,Não,,comercialevendas
"12 de jan., 15:42",5,5,5,5,5,5,Não,,fundamentos
"12 de jan., 06:56",5,,,,,,,,armazenamento
"11 de jan., 22:59",4,4,4,4,4,4,Não,,armazenamento
"11 de jan., 14:58",5,5,5,5,5,5,Não,,comercialevendas
"9 de jan., 22:46",5,5,5,5,5,5,Não,,mercadolivre
"7 de jan., 15:47",5,4,3,5,5,5,Não,,fundamentos
"6 de jan., 22:01",5,5,5,5,5,5,Não,,armazenamento
"6 de jan., 16:23",4,5,5,4,5,5,Não,,armazenamento
"6 de jan., 09:03",5,5,5,5,5,5,Não,,pvsyst
"5 de jan., 17:20",5,5,5,5,5,5,Não,,fundamentos
"4 de jan., 19:37",5,5,5,5,5,5,Não,,comercialevendas
"4 de jan., 16:24",3,5,3,3,2,2,Sim,,armazenamento
"4 de jan., 16:04",3,5,3,4,5,5,Não,,fundamentos
"3 de jan., 07:47",4,5,4,4,5,5,Não,,mercadolivre
"2 de jan., 09:46",5,5,4,5,5,5,Não,,microgeracao
"31 de dez. de 2025, 08:46",5,5,5,5,5,5,Não,,armazenamento
"30 de dez. de 2025, 16:58",5,5,5,5,5,5,Não,,fundamentos
"30 de dez. de 2025, 15:30",5,5,5,5,5,5,Não,,comercialevendas
"28 de dez. de 2025, 21:07",5,5,5,5,5,5,Não,,armazenamento
"28 de dez. de 2025, 18:48",5,5,5,5,,,,,fundamentos
"28 de dez. de 2025, 16:20",5,5,5,5,5,5,Não,,armazenamento
"27 de dez. de 2025, 16:29",4,4,4,5,4,4,Não,,armazenamento
"26 de dez. de 2025, 14:20",4,4,5,3,5,5,Sim,"Alguns tópicos deveriam ser atualizados,ao menos uma aula mais recente sobre o assunto.muito confuso algumas explicações.",lei14300
"26 de dez. de 2025, 10:55",5,5,5,5,5,5,Não,,engenharia  style=
"25 de dez. de 2025, 19:46",5,5,5,5,5,,,,fundamentos
"23 de dez. de 2025, 14:44",4,5,5,4,4,5,Não,,fundamentos
"23 de dez. de 2025, 01:56",4,4,4,4,4,4,Não,,armazenamento
"22 de dez. de 2025, 11:01",5,5,5,5,5,5,Não,,fundamentos
"17 de dez. de 2025, 16:37",4,4,4,4,4,4,Não,,armazenamento
"16 de dez. de 2025, 19:46",5,5,5,5,5,5,Não,,armazenamento
"15 de dez. de 2025, 10:56",5,5,5,5,5,5,Não,,armazenamento
"14 de dez. de 2025, 18:45",5,5,5,5,5,5,Não,,armazenamento
"14 de dez. de 2025, 11:59",5,5,5,5,5,5,Sim,"Curso de excelente qualidade, com conteúdo didático muito consistente. Como ponto de melhoria, sugiro a ampliação do prazo de acesso às vídeos aulas, pois, para quem está começando na área, as dúvidas costumam surgir durante a prática, quando o acesso ao material provavelmente já terá expirado.",usinas
"13 de dez. de 2025, 16:39",5,5,5,5,,,,,fundamentos
"13 de dez. de 2025, 11:33",5,5,5,5,5,5,Não,,armazenamento
"11 de dez. de 2025, 17:09",4,5,4,4,5,5,Não,,armazenamento
"11 de dez. de 2025, 16:01",5,5,5,5,5,5,Não,,fundamentos
"11 de dez. de 2025, 09:17",5,5,5,5,5,5,Não,,armazenamento
"9 de dez. de 2025, 10:22",5,5,5,5,5,5,Não,,armazenamento
"9 de dez. de 2025, 10:20",5,5,5,,,,,,armazenamento
"9 de dez. de 2025, 10:20",5,5,5,,,,,,armazenamento
"5 de dez. de 2025, 14:21",5,5,5,4,5,5,Não,,armazenamento
"5 de dez. de 2025, 12:16",4,4,4,4,4,4,Não,,comercialevendas
"5 de dez. de 2025, 01:23",4,5,4,4,4,4,Não,,fundamentos
"4 de dez. de 2025, 20:15",5,5,5,5,5,5,Sim,"Sobre este curso de BESS do Canal Solar que tive a oportunidade de participar, só tenho elogios! O conteúdo foi muito bem estruturado, direto ao ponto e extremamente prático. Os instrutores dominaram bem o assunto e explicaram de forma clara até os conceitos mais complexos de armazenamento de energia. Recomendo demais para quem quer se aprofundar em baterias e sistemas de armazenamento. Parabéns à equipe do Canal Solar pela qualidade!",armazenamento
"4 de dez. de 2025, 16:28",5,5,5,5,,,,,armazenamento
"4 de dez. de 2025, 15:41",3,5,3,4,3,4,Sim,"O curso foi bom, os professores são ótimos porém referencias e/ou material auxiliar para estudo poderia melhorar muito o curso. Ex: Pdf, indicação de literaturas, aulas em laboratório etc.",armazenamento
"4 de dez. de 2025, 09:16",5,5,5,5,5,5,Não,,armazenamento
"3 de dez. de 2025, 23:22",5,5,5,5,5,5,Não,,armazenamento
"1 de dez. de 2025, 18:44",5,5,5,5,5,5,Não,,pvsyst
"1 de dez. de 2025, 17:21",5,5,5,5,5,5,Não,,pvsyst
"1 de dez. de 2025, 14:39",5,5,5,5,5,5,Não,,armazenamento
"1 de dez. de 2025, 10:43",4,5,4,4,5,,,,armazenamento
"1 de dez. de 2025, 08:34",4,3,4,5,5,5,Sim,Curso ótimo aprendi vários conceitos novos,armazenamento
"29 de nov. de 2025, 23:36",5,5,5,5,5,5,Não,,aterramento
"29 de nov. de 2025, 13:03",5,5,5,5,5,5,Não,,armazenamento
"28 de nov. de 2025, 22:08",5,5,5,5,5,5,Não,,armazenamento
"26 de nov. de 2025, 12:29",5,5,5,5,5,5,Não,,comercialevendas
"25 de nov. de 2025, 14:52",3,,,,,,,,fundamentos
"24 de nov. de 2025, 18:56",5,5,5,5,5,5,Não,,zerogrid
"24 de nov. de 2025, 18:47",5,5,5,5,5,5,Não,,zerogrid
"24 de nov. de 2025, 07:57",4,4,4,5,4,4,Sim,"Bom dia!
No meu caso eu senti a falta de um projeto real pra facilitar o entendimento e dar mais segurança no dimensionamento do sistema, na parte teórica deu pra pegar bem mas faltou isso ao  meu ver...",armazenamento
"23 de nov. de 2025, 21:51",5,5,5,5,5,5,Não,,fundamentos
"23 de nov. de 2025, 07:46",3,5,3,3,3,3,Não,,fundamentos
"20 de nov. de 2025, 19:02",5,5,5,5,5,5,Não,,armazenamento
"20 de nov. de 2025, 18:31",4,5,5,5,5,5,Não,,fundamentos
"20 de nov. de 2025, 13:56",5,4,4,5,5,5,Não,,fundamentos
"20 de nov. de 2025, 10:07",3,5,3,4,4,4,Sim,"Os instrutores são profundos conhecedores do tema, mas a forma como o curso é construído deixa a desejar, sinto falta de detalhamento, de aprofundamento do tema, são informações muito relvantes mas passadas de forma pouco didática. O material didático também é pouco organzado, pouco profissional. Sinto falta de apostilas no formato de livros. É preciso lembrar que o curso não é vitálicio e se precisarmos tirar dúvidas ou buscar novamente a informação de algum tema especifico, não teremos acesso.

O curso poderia ter uma cara de pós graduação e que sabe um certificado com essa valia, traria muito valor em todos os aspectos",usinas
"20 de nov. de 2025, 00:51",5,5,5,5,5,5,Não,,fundamentos
"20 de nov. de 2025, 00:18",5,5,5,5,5,5,Não,,armazenamento
"19 de nov. de 2025, 21:01",5,5,5,5,5,5,Não,,aterramento
"18 de nov. de 2025, 19:01",5,5,5,5,5,5,Não,,visitaguiada
"17 de nov. de 2025, 22:14",5,5,5,5,5,5,Não,,fundamentos
"17 de nov. de 2025, 17:18",5,5,5,5,5,5,Não,,zerogrid
"16 de nov. de 2025, 21:38",5,5,5,,,,,,engenharia  style=
"14 de nov. de 2025, 09:09",5,5,5,5,5,5,Não,,usinas
"12 de nov. de 2025, 09:22",5,5,5,5,5,5,Não,,usinas
"12 de nov. de 2025, 02:47",5,5,5,5,,,,,fundamentos
"11 de nov. de 2025, 11:58",5,5,5,5,5,5,Não,,tributos
"11 de nov. de 2025, 09:31",5,5,5,5,5,5,Não,,armazenamento
"10 de nov. de 2025, 13:12",5,5,5,5,5,5,Não,,armazenamento
"10 de nov. de 2025, 01:01",5,5,5,5,5,5,Não,,engenharia  style=
"9 de nov. de 2025, 21:36",5,5,5,5,,,,,fundamentos
"9 de nov. de 2025, 21:07",5,5,5,,,,,,microgeracao
"9 de nov. de 2025, 19:05",5,5,5,5,5,5,Não,,fundamentos
"9 de nov. de 2025, 10:05",5,5,5,5,5,5,Não,,armazenamento
"8 de nov. de 2025, 20:07",4,5,5,4,4,5,Não,,fundamentos
"8 de nov. de 2025, 13:46",5,5,5,,,,,,comercialevendas
"7 de nov. de 2025, 21:22",5,5,5,5,5,5,Não,,armazenamento
"6 de nov. de 2025, 11:10",5,5,5,4,5,4,Não,,armazenamento
"6 de nov. de 2025, 10:19",5,,,,,,,,comercialevendas
"6 de nov. de 2025, 10:19",5,,,,,,,,comercialevendas
"6 de nov. de 2025, 09:11",4,5,5,5,4,5,Não,,armazenamento
"5 de nov. de 2025, 14:55",5,5,4,4,5,5,Não,,armazenamento
"5 de nov. de 2025, 10:49",5,5,5,5,5,5,Não,,armazenamento
"4 de nov. de 2025, 15:24",5,5,5,5,5,5,Não,,armazenamento
"4 de nov. de 2025, 12:55",5,4,4,5,5,5,Não,,armazenamento
"3 de nov. de 2025, 23:44",5,5,5,5,5,5,Não,,armazenamento
"3 de nov. de 2025, 23:21",4,4,5,3,2,3,Não,,fundamentos
"3 de nov. de 2025, 21:42",5,5,4,5,5,5,Não,,armazenamento
"3 de nov. de 2025, 11:23",4,4,4,5,5,5,Não,,armazenamento
"3 de nov. de 2025, 10:21",4,4,3,5,3,3,Não,,armazenamento
"3 de nov. de 2025, 09:08",5,5,5,5,5,5,Não,,fundamentos
"2 de nov. de 2025, 11:16",5,5,5,5,5,5,Não,,tributos
"1 de nov. de 2025, 20:51",5,5,5,5,5,5,Não,,armazenamento
"1 de nov. de 2025, 15:26",5,5,5,5,5,4,Não,,armazenamento
"31 de out. de 2025, 13:00",5,5,5,5,5,5,Não,,usinas
"30 de out. de 2025, 19:50",3,3,3,3,4,4,Não,,pvsyst
"29 de out. de 2025, 23:45",4,4,4,5,4,4,Não,,fundamentos
"29 de out. de 2025, 23:37",4,4,4,4,4,4,Não,,vendasavancadas
"29 de out. de 2025, 22:03",5,5,5,5,5,5,Não,,mercadolivre
"28 de out. de 2025, 11:02",5,5,5,5,5,5,Não,,fundamentos
"28 de out. de 2025, 10:43",5,5,5,5,5,5,Não,,fundamentos
"28 de out. de 2025, 07:45",5,5,5,5,5,5,Não,,armazenamento
"27 de out. de 2025, 22:13",4,3,3,4,4,3,Sim,"A Plataforma é um pouco confusa para encontrar o material, em meu primeiro dia, apos uma grande vasculha encontrei as aulas, mas nao consegui acessar o material, nao sabia q precisava se inscrever para as aulas que vao acontecer, talvez seja isso que não liberou o material.",armazenamento
"27 de out. de 2025, 14:41",5,5,5,5,5,5,Não,,fundamentos
"27 de out. de 2025, 14:18",4,4,5,4,4,4,Não,,armazenamento
"26 de out. de 2025, 20:28",5,5,5,5,5,5,Não,,comercialevendas
"25 de out. de 2025, 15:34",5,5,5,5,5,5,Não,,usinas
"23 de out. de 2025, 17:54",5,5,5,5,5,5,Não,,tributos
"23 de out. de 2025, 09:20",5,5,5,5,5,5,Não,,microgeracao
"22 de out. de 2025, 15:48",5,5,4,4,4,5,Sim,"Apesar de redundante, os memoriais descritivos deveriam apresentar os cálculos de dimensionamento.
Adicionalmente, deveriam ter sido disponibilizados os arquivos dwg. Pois, não é possível visualizar de forma adequada os desenhos em formato .pdf.",microgeracao
"22 de out. de 2025, 11:47",5,5,5,5,5,5,Sim,curso muito completo!,microgeracao
"22 de out. de 2025, 07:27",4,4,4,5,5,5,Não,,fundamentos
"21 de out. de 2025, 01:15",5,5,5,5,5,5,Não,,armazenamento
"20 de out. de 2025, 10:23",5,4,4,4,5,5,Sim,"Curso muito bom. Só estou com problemas para baixar as aulas para assistir offline pelo aplicativo.  Não está funcionando. ",armazenamento
"19 de out. de 2025, 10:59",5,5,5,5,5,5,Não,,fundamentos
"16 de out. de 2025, 23:24",5,,,,,,,,armazenamento
"16 de out. de 2025, 15:09",5,4,4,5,5,5,Não,,armazenamento
"15 de out. de 2025, 16:50",5,5,5,5,5,5,Não,,armazenamento
"15 de out. de 2025, 14:28",5,5,5,5,5,5,Não,,armazenamento
"14 de out. de 2025, 19:20",4,4,4,4,3,3,Sim,Pensei que o curso seria ministrado somente pelo Bruno.,fundamentos
"14 de out. de 2025, 16:23",5,,,,,,,,armazenamento
"14 de out. de 2025, 16:18",4,5,5,5,4,5,Não,,fundamentos
"14 de out. de 2025, 15:38",3,2,2,1,1,1,Sim,"

",armazenamento
"14 de out. de 2025, 15:03",5,5,5,5,4,5,Não,,comercialevendas
"13 de out. de 2025, 18:07",5,5,5,5,5,5,Não,,mercadolivre
"13 de out. de 2025, 18:03",5,5,5,5,5,5,Não,,fundamentos
"13 de out. de 2025, 09:15",3,4,3,3,3,3,Não,,mercadolivre
"10 de out. de 2025, 12:03",5,5,5,5,5,5,Não,,fundamentos
"10 de out. de 2025, 09:35",5,,,,,,,,vendasavancadas
"9 de out. de 2025, 22:45",5,5,5,5,5,5,Não,,fundamentos
"9 de out. de 2025, 22:45",5,5,5,5,5,5,Não,,fundamentos
"9 de out. de 2025, 14:35",5,5,5,5,5,5,Não,,fundamentos
"9 de out. de 2025, 14:18",5,5,5,5,5,5,Não,,comercialevendas
"8 de out. de 2025, 20:15",5,5,3,5,4,4,Sim,"Para assuntos tão complexos, sinto falta de mais aprofundamento no conteúdo, achei muito superficial, mais informativo que instrutivo",fundamentos
"8 de out. de 2025, 16:34",5,3,3,3,,,,,comercialevendas
"8 de out. de 2025, 12:56",4,5,4,5,5,5,Não,,armazenamento
"7 de out. de 2025, 22:28",5,5,5,5,5,5,Não,,armazenamento
"7 de out. de 2025, 15:39",5,5,5,5,5,5,Não,,fundamentos
"7 de out. de 2025, 10:57",5,5,4,5,5,5,Sim,,armazenamento
"6 de out. de 2025, 15:37",5,4,4,4,5,5,Não,,comercialevendas
"5 de out. de 2025, 17:47",5,4,5,5,5,5,Sim,"Gostaria de que o professor na aulas de calculos fosse mais especifico, e se posivel, detalhar cada passo dos calculos. Porque do outro lado para os alunos que assitem por video aulas, gera duvidas. ",fundamentos
"5 de out. de 2025, 09:10",5,5,5,5,5,5,Não,,microgeracao
"3 de out. de 2025, 16:59",5,5,5,5,5,5,Não,,armazenamento
"3 de out. de 2025, 15:57",5,5,4,5,5,5,Não,,fundamentos
"2 de out. de 2025, 21:31",5,5,5,5,5,5,Não,,armazenamento
"2 de out. de 2025, 10:15",5,5,5,5,5,5,Não,,comercialevendas
"2 de out. de 2025, 08:58",5,5,5,5,5,5,Não,,fundamentos
"1 de out. de 2025, 20:01",5,5,5,5,5,5,Sim,"Nada ",armazenamento
"1 de out. de 2025, 17:49",5,5,4,5,5,5,Não,,armazenamento
"1 de out. de 2025, 16:16",5,5,5,5,5,5,Não,,armazenamento
"1 de out. de 2025, 14:59",5,5,5,5,5,5,Não,,armazenamento
"1 de out. de 2025, 09:37",5,5,5,5,5,5,Não,,armazenamento
"1 de out. de 2025, 08:27",5,5,5,5,5,5,Sim,"Poderia ter uma prova de teste final de avaliação de conhecimentos. ",armazenamento
"30 de set. de 2025, 22:37",5,5,4,5,5,5,Não,,armazenamento
"30 de set. de 2025, 22:01",4,5,5,4,4,4,Não,,pvsyst
"30 de set. de 2025, 17:27",5,5,5,5,5,5,Não,,fundamentos
"30 de set. de 2025, 16:08",4,4,4,4,4,4,Não,,fundamentos
"30 de set. de 2025, 15:03",5,5,5,5,5,5,Não,,fundamentos
"30 de set. de 2025, 11:37",3,4,4,3,4,4,Sim,"o curso poderia ser mais atual, as auldas de solergo começaram com o sofware 2021, não digo fazer um a cada versão, mas 4 anos é muito tempo pra atualizar conteudo, acredito que um curso onde as aulas são gravadas e algumas aulas aovivo de tira duvidas, sao mais produtivas",pvsyst
"30 de set. de 2025, 10:39",5,5,5,5,5,5,Não,,fundamentos
"29 de set. de 2025, 21:26",4,5,5,5,4,5,Não,,microgeracao
"28 de set. de 2025, 23:38",5,5,4,4,5,5,Não,,armazenamento
"27 de set. de 2025, 14:10",5,5,5,5,5,5,Sim,"muito boa as informações passada, no meu caso que sou representante , más quero tambem é poder trabalhar com instalação se é possivel aqui em cachoeiro é muito calor o dia todo , um sol pra cada.",fundamentos
"26 de set. de 2025, 23:07",5,5,5,5,5,5,Não,,fundamentos
"26 de set. de 2025, 12:28",5,5,5,4,5,5,Sim,"Melhor organização do Material disponibilizado, em muitos casos o professor está com um material mais atualizado em relação ao disponibilizado, em alguns casos o material não foi disponibilizado. Por exemplo, a última planilha da aula do professor Bernado Marangon. ",usinas
"26 de set. de 2025, 11:29",5,5,5,5,5,5,Não,,fundamentos
"24 de set. de 2025, 19:04",3,,,,,,,,armazenamento
"24 de set. de 2025, 14:36",4,5,4,5,5,4,Não,,vendasavancadas
"24 de set. de 2025, 13:46",5,5,5,5,5,5,Não,,microgeracao
"24 de set. de 2025, 06:43",5,5,4,4,5,5,Não,,armazenamento
"22 de set. de 2025, 04:52",5,,,,,,,,armazenamento
"22 de set. de 2025, 04:24",5,5,5,5,5,5,Não,,armazenamento
"20 de set. de 2025, 04:39",5,5,5,5,5,5,Não,,pvsyst
"20 de set. de 2025, 04:38",5,5,5,5,5,5,Não,,armazenamento
"20 de set. de 2025, 04:36",5,5,5,5,5,5,Não,,pvsyst
"20 de set. de 2025, 04:21",5,5,5,5,5,5,Não,,usinas
"18 de set. de 2025, 22:26",4,4,4,4,4,4,Não,,fundamentos
"18 de set. de 2025, 14:36",4,3,2,3,4,4,Não,,armazenamento
"18 de set. de 2025, 09:15",5,5,5,,,,,,zerogrid
"16 de set. de 2025, 09:58",5,5,5,,,,,,fundamentos
"15 de set. de 2025, 14:49",5,5,4,5,5,5,Sim,Criar mais um curso de Hidrogenio verde avançado.,hidrogenio
"15 de set. de 2025, 14:49",5,5,4,5,5,5,Sim,Criar mais um curso de Hidrogenio verde avançado.,hidrogenio
"15 de set. de 2025, 09:40",3,4,4,4,3,3,Não,,armazenamento
"15 de set. de 2025, 09:39",3,4,,,,,,,armazenamento
"14 de set. de 2025, 21:31",4,4,4,4,4,4,Não,,fundamentos
"14 de set. de 2025, 15:32",4,4,4,4,4,4,Não,,zerogrid
"13 de set. de 2025, 17:17",5,5,4,4,5,5,Sim,"Os professores são capacitados, com vasta experiência e muito boa disposição para atender os alunos. Eu, como engenheiro eletricista, tive um bom aprendizado para análise de coberturas para suportar módulos fotovoltaicos. Recomendo o curso!",engenharia  style=
"11 de set. de 2025, 17:12",4,5,5,4,5,5,Não,,zerogrid
"10 de set. de 2025, 19:47",5,5,5,5,5,5,Não,,aterramento
"10 de set. de 2025, 14:44",5,5,5,5,5,5,Não,,fundamentos
"10 de set. de 2025, 10:17",4,5,4,4,,,,,usinas
"10 de set. de 2025, 09:57",3,3,3,3,3,3,Não,,visitaguiada
"10 de set. de 2025, 08:29",4,4,4,4,4,4,Não,,zerogrid
"9 de set. de 2025, 20:20",5,5,5,5,5,5,Não,,tributos
"9 de set. de 2025, 19:54",5,5,5,5,5,5,Não,,tributos
"9 de set. de 2025, 14:09",5,5,5,5,,,,,aterramento
"9 de set. de 2025, 13:27",5,5,5,5,5,5,Não,,mercadolivre
"8 de set. de 2025, 19:00",4,4,4,4,5,4,Não,,pvsyst
"8 de set. de 2025, 17:45",5,,,,,,,,usinas
"8 de set. de 2025, 14:36",2,,,,,,,,armazenamento
"8 de set. de 2025, 14:30",1,,,,,,,,armazenamento
"8 de set. de 2025, 09:39",4,4,4,5,5,4,Não,,armazenamento
"7 de set. de 2025, 22:16",4,5,5,4,4,4,Não,,pvsyst
"6 de set. de 2025, 03:27",5,5,5,5,5,5,Não,,comercialevendas
"5 de set. de 2025, 23:30",4,5,3,5,5,4,Não,,armazenamento
"5 de set. de 2025, 18:44",5,5,5,5,5,5,Não,,fundamentos
"3 de set. de 2025, 21:26",5,5,5,5,5,5,Não,,fundamentos
"3 de set. de 2025, 18:34",5,5,5,5,5,5,Não,,fundamentos
"3 de set. de 2025, 16:43",3,3,2,3,3,,,,comercialevendas
"3 de set. de 2025, 14:28",1,,,,,,,,comercialevendas
"3 de set. de 2025, 11:43",3,5,4,4,5,5,Sim,"Curso gravado com muitas alteraçoes, portanto seria importante ser feito com aulas on line, não apenas com aulas gravadas.",lei14300
"2 de set. de 2025, 13:04",5,5,5,5,5,5,Não,,armazenamento
"1 de set. de 2025, 15:06",5,5,5,5,5,5,Não,,usinas
"1 de set. de 2025, 12:47",5,5,5,5,5,5,Não,,armazenamento
"31 de ago. de 2025, 22:38",3,4,4,4,1,1,Sim,Não foi disponibilizado todos os materiais informados no curso. Senti falta de uma planilha de viabilidade financeira com instruções e exemplos na sua utilização e ainda o dimensionamento de um projeto real contemplando todas as etapas.,usinas
"31 de ago. de 2025, 22:35",3,4,4,4,1,1,Sim,Não foi disponibilizado todos os materiais informados no curso.,usinas
"31 de ago. de 2025, 22:15",3,5,4,4,2,2,Sim,Não foi disponibilizado todos os materiais informados na ementa do curso. Senti falta de uma planilha de viabilidade financeira e com instrução para utilizá-la e ainda exemplo real de um projeto contemplando todas as etapas do processo.,usinas
"31 de ago. de 2025, 16:50",5,5,5,5,5,5,Não,,fundamentos
"31 de ago. de 2025, 11:29",5,5,5,5,5,5,Não,,usinas
"30 de ago. de 2025, 21:15",5,5,5,5,5,5,Sim,,fundamentos
"30 de ago. de 2025, 14:31",5,,,,,,,,armazenamento
"30 de ago. de 2025, 11:29",5,5,5,5,5,5,Não,,microgeracao
"30 de ago. de 2025, 09:28",5,5,5,5,5,5,Não,,armazenamento
"28 de ago. de 2025, 19:01",5,4,5,5,5,5,Não,,microgeracao
"28 de ago. de 2025, 08:35",4,4,4,4,,,,,vendasavancadas
"26 de ago. de 2025, 23:42",5,5,5,5,5,5,Não,,fundamentos
"26 de ago. de 2025, 14:56",5,5,3,5,5,5,Sim,"Quanto aos materiais didáticos de aula (PDF) são ótimos. Porém, os materiais editáveis apresentam certeza defasagem de atualização de dados. Entendo que o que importa é o entendimento do processo, mas como o cenário muda anualmente, uma visão recente de dados poderia auxilar em maiores questionamentos. Ex: sobre projeto offgrid, os materiais de apoio são de 2017 e o 2021, onde os equipamentos nem existem mais. Outros materiais que apresentam este mesmo ponto de atenção também estão anexados ao arquivo ""materiais extras"". Sugiro, uma atualização de anual ou bianual para manter sempre atualizado com o cenário vivido pelos participantes do grupo.",armazenamento
"26 de ago. de 2025, 08:31",5,5,5,5,5,5,Não,,armazenamento
"25 de ago. de 2025, 21:13",5,5,5,5,5,5,Não,,armazenamento
"25 de ago. de 2025, 19:34",5,5,5,5,5,5,Não,,armazenamento
"25 de ago. de 2025, 17:23",5,5,4,5,5,5,Não,,fundamentos
"25 de ago. de 2025, 15:28",5,5,4,5,5,5,Não,,fundamentos
"25 de ago. de 2025, 15:28",5,5,4,5,5,5,Não,,fundamentos
"25 de ago. de 2025, 14:53",3,3,3,3,3,2,Não,,fundamentos
"25 de ago. de 2025, 14:23",5,5,5,5,5,5,Não,,armazenamento
"25 de ago. de 2025, 13:06",5,5,5,5,5,5,Não,,armazenamento
"25 de ago. de 2025, 09:32",5,5,5,5,5,,,,comercialevendas
"25 de ago. de 2025, 09:30",4,5,4,5,5,,,,comercialevendas
"24 de ago. de 2025, 16:57",5,5,5,5,,,,,armazenamento
"23 de ago. de 2025, 15:34",4,4,5,5,5,5,Sim,"O curso foi excelente. Alguns pontos que deixaram a desejar foram na didática de alguns professores, especialmente o de microrrede. É perceptível o conhecimento técnico de todos, mas esta aula em específico acabou deixando muito a desejar na transmissão do conteúdo, o que prejudicou um pouco a expectativa geral.",armazenamento
"22 de ago. de 2025, 19:08",5,5,5,5,5,5,Sim,"Muito bom, parabéns pela abordagem ",fundamentos
"22 de ago. de 2025, 10:41",4,5,4,5,4,4,Não,,fundamentos
"21 de ago. de 2025, 19:15",5,5,5,5,5,5,Não,,usinas
"20 de ago. de 2025, 11:38",5,5,,,,,,,fundamentos
"19 de ago. de 2025, 15:33",5,5,5,5,5,5,Sim,,vendasavancadas
"19 de ago. de 2025, 11:08",5,,,,,,,,armazenamento
"17 de ago. de 2025, 15:09",5,5,5,5,5,5,Não,,armazenamento
"15 de ago. de 2025, 22:43",5,5,5,5,5,5,Não,,fundamentos
"15 de ago. de 2025, 21:50",5,5,5,5,5,5,Não,,fundamentos
"15 de ago. de 2025, 16:47",5,5,5,5,,,,,zerogrid
"14 de ago. de 2025, 23:13",5,5,4,4,5,4,Não,,armazenamento
"14 de ago. de 2025, 12:25",5,5,5,5,5,5,Não,,usinas
"14 de ago. de 2025, 12:05",5,5,5,5,5,5,Não,,microgeracao
"13 de ago. de 2025, 10:43",5,5,5,5,5,5,Não,,microgeracao
"13 de ago. de 2025, 04:04",5,5,,,,,,,fundamentos
"13 de ago. de 2025, 03:23",5,5,5,5,5,5,Não,,fundamentos
"12 de ago. de 2025, 20:40",4,5,4,4,5,5,Não,,cabine
"12 de ago. de 2025, 17:16",5,5,5,5,5,5,Sim,,comercialevendas
"12 de ago. de 2025, 16:53",5,5,5,5,5,5,Não,,comercialevendas
"12 de ago. de 2025, 14:59",5,5,5,5,5,5,Não,,comercialevendas
"12 de ago. de 2025, 14:57",5,5,5,5,5,5,Sim,,comercialevendas
"12 de ago. de 2025, 09:19",4,5,5,5,,,,,armazenamento
"10 de ago. de 2025, 10:13",3,5,3,4,4,4,Sim,"Os professores todos excelentes profissionais e conteúdos também excelentes, mas achei que deveria ter um nicho para integradores e instaladores  SEPARADO e outro  para engenheiros e eletro-técnicos e ambos pudessem ter acesso aos dois nichos e obviamente os conteúdos iniciais que abordam temas gerais que interessam a todos alunos",armazenamento
"8 de ago. de 2025, 14:58",5,5,5,5,5,5,Sim,,usinas
"7 de ago. de 2025, 17:27",5,5,5,5,5,5,Não,,usinas
"7 de ago. de 2025, 17:25",5,5,5,5,5,5,Não,,usinas
"7 de ago. de 2025, 15:11",5,5,5,5,5,5,Não,,usinas
"6 de ago. de 2025, 16:20",5,4,4,3,5,5,Sim,,comercialevendas
"6 de ago. de 2025, 14:25",5,5,5,5,5,5,Não,,fundamentos
"4 de ago. de 2025, 21:46",5,5,5,5,5,5,Não,,armazenamento
"3 de ago. de 2025, 22:41",5,5,5,5,5,5,Não,,cabine
"2 de ago. de 2025, 20:14",5,5,5,5,5,5,Não,,fundamentos
"1 de ago. de 2025, 15:54",5,5,5,4,3,4,Não,,cabine
"1 de ago. de 2025, 15:53",5,,,,,,,,cabine
"1 de ago. de 2025, 08:00",5,5,5,5,5,5,,,fundamentos
"31 de jul. de 2025, 22:47",4,4,4,5,5,5,Não,,armazenamento
"31 de jul. de 2025, 18:20",4,5,4,4,4,4,Não,,engenharia  style=
"31 de jul. de 2025, 17:52",5,5,5,5,5,5,Não,,fundamentos
"31 de jul. de 2025, 11:45",3,4,5,5,3,3,Não,,cabine
"30 de jul. de 2025, 11:18",5,5,5,5,5,5,Sim,Classifico com excelente o curso,cabine
"30 de jul. de 2025, 11:15",5,5,5,5,5,4,Sim,"classifico como excelente o curso, atendeu perfeitamente minha carência na área.",cabine
"30 de jul. de 2025, 09:03",5,5,5,5,5,5,Não,,cabine
"29 de jul. de 2025, 08:46",5,5,5,5,5,5,Não,,cabine
"29 de jul. de 2025, 08:46",5,5,5,5,5,5,Não,,cabine
"29 de jul. de 2025, 08:43",5,5,5,5,5,5,Não,,cabine
"28 de jul. de 2025, 22:33",5,5,4,5,5,5,Sim,"Nada foi comentado, sobre construção/elaboração de um diagrama unifilar, para concessionária! ",microgeracao
"28 de jul. de 2025, 21:31",4,4,4,4,4,4,Sim,,zerogrid
"28 de jul. de 2025, 18:35",5,5,5,5,5,5,Não,,cabine
"28 de jul. de 2025, 14:27",5,5,5,5,5,5,Não,,cabine
"28 de jul. de 2025, 14:06",5,5,5,5,4,5,Não,,cabine
"28 de jul. de 2025, 14:04",5,5,5,5,5,5,,,cabine
"28 de jul. de 2025, 13:55",4,5,5,4,5,5,Não,,cabine
"28 de jul. de 2025, 13:28",3,4,5,3,3,3,Sim,"Muito conteúdo passado em pouco tempo. Seria bom um curso com mais dias, menos horas por dia e mais prática ou mesmo tarefas a serem feitas fora da aula.",cabine
"27 de jul. de 2025, 21:16",5,5,5,5,5,5,Sim,,fundamentos
"27 de jul. de 2025, 12:32",5,5,3,5,5,5,Não,,microgeracao
"27 de jul. de 2025, 12:29",5,5,3,5,5,5,Não,,microgeracao
"25 de jul. de 2025, 22:35",5,5,5,5,5,5,Não,,mercadolivre
"25 de jul. de 2025, 22:28",5,5,5,5,5,5,Não,,mercadolivre
"25 de jul. de 2025, 13:40",5,5,5,4,5,5,Não,,fundamentos
"25 de jul. de 2025, 11:36",5,5,5,5,5,5,Sim,Possibilidade de visita em alguma planta/usina para rever na prática os conceitos teóricos.,cabine
"25 de jul. de 2025, 11:01",5,5,5,5,5,5,Sim,"Seria interessante levar os alunos do curso que estiverem disponibilidade a visita em alguma usina em obra ou comissionamento, para amplificar os conhecimentos adquiridos nas aulas apresentadas.
Enriqueceria o aprendizado. ",usinas
"25 de jul. de 2025, 09:50",4,4,3,3,3,3,Não,,tributos
"23 de jul. de 2025, 10:57",3,4,3,3,3,3,Não,,armazenamento
"22 de jul. de 2025, 22:39",4,5,4,5,5,5,Não,,armazenamento
"22 de jul. de 2025, 10:49",5,5,4,5,5,5,Não,,armazenamento
"21 de jul. de 2025, 16:20",5,,,,,,,,cabine
"21 de jul. de 2025, 15:19",5,5,5,5,5,5,Não,,armazenamento
"21 de jul. de 2025, 11:18",5,5,5,5,4,5,Não,,mercadolivre
"21 de jul. de 2025, 01:57",5,,,,,,,,comercialevendas
"20 de jul. de 2025, 10:41",5,5,5,5,5,5,Não,,usinas
"17 de jul. de 2025, 14:43",5,5,5,5,5,5,Não,,fundamentos
"16 de jul. de 2025, 17:15",5,5,4,5,5,5,Não,,pvsyst
"15 de jul. de 2025, 20:23",5,5,5,5,5,5,Não,,zerogrid
"15 de jul. de 2025, 08:35",5,5,5,5,5,5,Não,,usinas
"14 de jul. de 2025, 15:03",4,5,4,4,5,5,Sim,"Curso muito didático e bem explicado.
Embora eu acredite que a aula ao vivo seja melhor, esse formato também atende bem.",usinas
"13 de jul. de 2025, 00:12",4,5,5,4,5,5,Não,,pvsyst
"11 de jul. de 2025, 09:18",5,5,5,5,5,5,Não,,usinas
"11 de jul. de 2025, 09:17",5,5,5,5,5,5,Não,,usinas
"10 de jul. de 2025, 14:35",4,5,3,4,4,4,Não,,microgeracao
"10 de jul. de 2025, 13:04",5,4,4,4,5,5,Não,,armazenamento
"10 de jul. de 2025, 11:58",5,4,4,4,5,5,Sim,"Curso muito bom! Me ajudou a abrir a mente para novas soluções na área de energia!
",armazenamento
"9 de jul. de 2025, 16:10",5,5,5,5,5,5,Não,,comercialevendas
"9 de jul. de 2025, 10:45",5,,,,,,,,comercialevendas
"8 de jul. de 2025, 17:15",5,5,5,5,5,5,Não,,usinas
"8 de jul. de 2025, 15:44",4,4,3,5,5,5,Não,,mercadolivre
"8 de jul. de 2025, 10:52",5,5,5,5,5,5,Não,,fundamentos
"8 de jul. de 2025, 08:22",4,4,4,5,4,4,Não,,armazenamento
"8 de jul. de 2025, 01:15",5,5,5,4,5,5,Não,,armazenamento
"7 de jul. de 2025, 19:35",1,,,,,,,,usinas
"5 de jul. de 2025, 14:35",3,4,3,,,,,,usinas
"4 de jul. de 2025, 15:02",5,5,5,5,5,5,Não,,fundamentos
"4 de jul. de 2025, 14:44",4,4,3,3,3,3,Sim,"Achei que os módulos não estão na sequência que deveriam, ficaram truncadas por causa do erro de sequência.",armazenamento
"4 de jul. de 2025, 11:30",5,5,5,5,5,5,Não,,fundamentos
"4 de jul. de 2025, 09:55",3,5,4,5,5,5,Sim,"Curso é bom, mas no dia da visita tudo estava parado em manutenção. Acredito que quem compra a visita guiada é pra ver funcionado e tirar as duvidas, isso prejudicou um pouco a visita.",visitaguiada
"4 de jul. de 2025, 09:55",3,5,4,5,5,5,Sim,"Curso é bom, mas no dia da visita tudo estava parado em manutenção. Acredito que quem compra a visita guiada é pra ver funcionado e tirar as duvidas, isso prejudicou um pouco a visita.",visitaguiada
"3 de jul. de 2025, 22:23",3,2,3,4,4,4,Sim,,zerogrid
"3 de jul. de 2025, 19:03",5,5,5,5,5,5,Não,,lei14300
"3 de jul. de 2025, 17:07",4,4,3,3,4,4,Não,,armazenamento
"3 de jul. de 2025, 16:20",5,4,3,4,5,4,Não,,comercialevendas
"3 de jul. de 2025, 11:23",5,5,5,5,5,5,Sim,"Curso muito bom, aprendi muito e vou recomendar à amigos. Grato",aterramento
"3 de jul. de 2025, 11:20",5,5,5,5,5,5,Não,,aterramento
"2 de jul. de 2025, 23:26",5,5,5,5,5,5,Não,,fundamentos
"2 de jul. de 2025, 23:04",5,5,5,5,5,5,Não,,usinas
"2 de jul. de 2025, 10:43",4,4,3,3,4,,,,armazenamento
"1 de jul. de 2025, 22:34",5,5,5,5,5,5,Não,,armazenamento
"1 de jul. de 2025, 22:32",5,5,5,5,5,5,Sim,,armazenamento
"1 de jul. de 2025, 10:35",5,5,2,3,4,3,Sim,"Acho que fica uma lacuna entre uma aula e outra, muda de um professor para o outro, e fica a impressão que tá faltando informações entre uma aula e outra.",comercialevendas
"30 de jun. de 2025, 08:49",5,5,5,5,5,5,Sim,Parabéns a todos do Canal Solar!,usinas
"27 de jun. de 2025, 13:16",4,5,5,4,,,,,fundamentos
"26 de jun. de 2025, 20:12",5,5,5,5,5,5,Não,,mercadolivre
"26 de jun. de 2025, 13:51",5,5,5,5,5,5,Sim,,vendasavancadas
"26 de jun. de 2025, 12:42",5,,,,,,,,usinas
"25 de jun. de 2025, 17:33",5,5,4,4,5,4,Não,,fundamentos
"25 de jun. de 2025, 16:24",5,5,5,5,5,5,Não,,comercialevendas
"25 de jun. de 2025, 12:12",5,5,4,4,5,5,Não,,armazenamento
"23 de jun. de 2025, 21:13",1,1,,,,,,,zerogrid
"23 de jun. de 2025, 13:42",4,5,5,5,4,5,Sim,"Gostei muito do curso, mas acho que poderia ter mais exemplos de diagramas unifilares, multifilares...",microgeracao
"20 de jun. de 2025, 18:19",5,5,5,5,5,5,Não,,fundamentos
"20 de jun. de 2025, 04:30",5,5,5,5,5,5,Sim,Oi,fundamentos
"19 de jun. de 2025, 16:35",5,5,5,4,4,5,Não,,comercialevendas
"18 de jun. de 2025, 17:02",4,5,4,4,3,4,Não,,comercialevendas
"18 de jun. de 2025, 12:06",5,5,5,5,5,5,Não,,comercialevendas
"18 de jun. de 2025, 10:16",5,5,5,5,5,5,Sim,"MUITO BOM, APRENDI MUITAS COISAS BOAS COM VOCES, ANSIOSO PARA REVISAR E APRENDER NOVAS ETAPAS TAMBÉM. ",comercialevendas
"17 de jun. de 2025, 16:16",5,5,5,5,5,5,Sim,.,mercadolivre
"17 de jun. de 2025, 09:45",1,3,2,2,1,1,Sim,"As aulas deixaram muito a desejar. Tendo em vista o custo do investimento, esperava muito mais em termos de fluidez, qualidade do vídeo e áudio gravado. A maioria das aulas são gravadas em local inadequado, com eco, som e vídeo ruim, sem contar os recursos utilizados no momento da aula. O curso tem muito conteúdo, porém um conteúdo repetitivo, mal distribuído, mal organizado e nada didático. Não passa o profissionalismo esperado pelo aluno, falta zelo e capricho. 
O mercado evoluiu muito quando se trata de aulas a distância, sugiro o Canal Solar procurar melhorias nesse sentido.",armazenamento
"16 de jun. de 2025, 17:19",5,5,5,5,5,5,Não,,cabine
"16 de jun. de 2025, 15:48",4,5,5,4,4,4,Não,,fundamentos
"15 de jun. de 2025, 04:14",5,5,,,,,,,fundamentos
"14 de jun. de 2025, 20:12",5,,,,,,,,zerogrid
"13 de jun. de 2025, 16:34",5,5,5,5,5,5,Não,,microgeracao
"13 de jun. de 2025, 16:32",5,5,5,5,5,5,Não,,microgeracao
"13 de jun. de 2025, 15:48",4,5,4,4,5,5,Sim,,fundamentos
"13 de jun. de 2025, 09:04",5,4,4,5,5,5,Não,,armazenamento
"12 de jun. de 2025, 12:59",4,5,5,4,4,4,Não,,usinas
"12 de jun. de 2025, 11:34",5,5,5,,,,,,visitaguiada
"12 de jun. de 2025, 10:24",5,5,5,5,5,5,Não,,pvsyst
"11 de jun. de 2025, 19:54",5,5,5,5,5,5,Não,,fundamentos
"11 de jun. de 2025, 12:16",5,5,5,5,5,5,Não,,comercialevendas
"9 de jun. de 2025, 16:03",5,,,,,,,,zerogrid
"9 de jun. de 2025, 09:22",5,5,5,5,5,5,Não,,hidrogenio
"7 de jun. de 2025, 15:19",5,5,5,5,5,5,Não,,hidrogenio
"6 de jun. de 2025, 11:03",4,5,4,4,4,4,Não,,armazenamento
"5 de jun. de 2025, 12:11",4,4,3,5,4,5,Não,,usinas
"4 de jun. de 2025, 14:44",5,5,4,5,5,5,Não,,fundamentos
"3 de jun. de 2025, 15:06",4,4,4,4,4,4,Não,,armazenamento
"3 de jun. de 2025, 15:06",4,4,4,4,4,4,Não,,armazenamento
"2 de jun. de 2025, 17:45",5,5,5,,,,,,fundamentos
"2 de jun. de 2025, 15:45",4,5,4,4,4,4,Sim,,microgeracao
"2 de jun. de 2025, 09:12",3,2,2,4,3,,,,fundamentos
"1 de jun. de 2025, 23:40",5,5,4,5,5,5,Sim,,pvsyst
"31 de mai. de 2025, 22:17",4,4,4,4,4,3,Não,,armazenamento
"30 de mai. de 2025, 17:06",4,4,3,4,3,4,Não,,pvsyst
"30 de mai. de 2025, 17:06",2,,,,,,,,pvsyst
"30 de mai. de 2025, 15:34",4,5,,,,,,,mercadolivre
"30 de mai. de 2025, 11:44",4,5,5,4,5,5,Não,,usinas
"28 de mai. de 2025, 19:22",5,5,5,5,5,5,Não,,comercialevendas
"28 de mai. de 2025, 11:48",5,5,5,5,5,5,Não,,microgeracao
"27 de mai. de 2025, 19:49",4,5,5,3,4,5,Não,,armazenamento
"26 de mai. de 2025, 22:21",5,5,5,5,5,5,Não,,microgeracao
"26 de mai. de 2025, 20:45",5,5,5,5,5,5,Não,,microgeracao
"26 de mai. de 2025, 16:02",5,4,4,5,5,5,Sim,Carga horária compatível com o conteúdo. Excelente.,pvsyst
"26 de mai. de 2025, 15:55",5,4,4,5,5,5,Sim,"Carga horária compatível com o conteúdo. Excelente.
",pvsyst
"26 de mai. de 2025, 15:50",5,5,5,5,5,5,Não,,pvsyst
"26 de mai. de 2025, 15:19",4,5,5,3,5,5,Não,,mercadolivre
"25 de mai. de 2025, 10:22",4,4,,,,,,,tributos
"25 de mai. de 2025, 00:16",4,4,4,3,4,4,Não,,mercadolivre
"24 de mai. de 2025, 23:38",4,4,4,5,5,5,,,tributos
"24 de mai. de 2025, 12:00",5,5,4,5,5,5,Não,,armazenamento
"23 de mai. de 2025, 17:00",5,5,5,5,5,5,Não,,usinas
"23 de mai. de 2025, 16:55",5,5,5,5,5,5,Não,,usinas
"23 de mai. de 2025, 13:09",5,5,5,5,5,5,Não,,usinas
"23 de mai. de 2025, 13:06",5,5,5,5,5,5,Não,,usinas
"22 de mai. de 2025, 16:36",5,5,5,5,5,5,Não,,fundamentos
"21 de mai. de 2025, 15:26",4,4,3,4,,,,,comercialevendas
"21 de mai. de 2025, 08:26",5,4,5,4,5,5,Sim,"A aula de peak shaving com o professor Thiago teve muitas reclamações dos expectadores.  O conteudo é pesado e o professor nao é nada didático, nao conseguiu transmitir seu conhecimento 
A aula de microredes com Geraldo usou um exemplo completamente ULTRAPASSADO de instalacao que é da Aldo, um sistema que foi instalado há mais de 5 anos, não se encontram mais os inversores da Victron e nem da Fronius no mercado.",armazenamento
"21 de mai. de 2025, 08:23",5,4,5,4,5,5,Sim,,armazenamento
"19 de mai. de 2025, 20:02",4,4,4,4,,,,,armazenamento
"19 de mai. de 2025, 14:17",5,5,5,5,,,,,fundamentos
"18 de mai. de 2025, 09:36",4,5,4,5,5,4,Não,,usinas
"17 de mai. de 2025, 22:13",5,5,5,5,5,5,Sim,Aulas muito bem estruturadas e embasadas nas normas apresentadas  por professores com conhecimentos e experiencia praticas com exemplos.,usinas
"17 de mai. de 2025, 16:22",5,5,3,3,3,3,Não,,armazenamento
"15 de mai. de 2025, 15:29",5,5,5,5,5,5,Não,,fundamentos
"15 de mai. de 2025, 11:01",4,5,5,5,5,5,Não,,fundamentos
"15 de mai. de 2025, 06:51",4,5,5,5,5,5,Sim,,usinas
"14 de mai. de 2025, 21:39",5,5,5,5,5,5,Não,,comercialevendas
"13 de mai. de 2025, 06:35",5,5,5,5,,,,,armazenamento
"12 de mai. de 2025, 14:53",5,5,5,5,5,5,Não,,armazenamento
"10 de mai. de 2025, 10:26",5,,,,,,,,usinas
"8 de mai. de 2025, 13:56",5,3,3,5,3,3,Não,,armazenamento
"7 de mai. de 2025, 11:31",5,5,5,5,5,5,Não,,zerogrid
"7 de mai. de 2025, 00:44",5,5,5,5,5,5,Não,,armazenamento
"6 de mai. de 2025, 16:08",4,5,4,4,5,4,Não,,fundamentos
"6 de mai. de 2025, 15:46",5,5,5,4,5,5,Não,,armazenamento
"6 de mai. de 2025, 15:37",5,5,5,4,5,5,Não,,armazenamento
"6 de mai. de 2025, 15:13",3,3,4,4,4,4,,,armazenamento
"6 de mai. de 2025, 14:48",4,4,4,4,4,4,Não,,armazenamento
"6 de mai. de 2025, 14:48",4,4,4,4,4,4,Não,,armazenamento
"5 de mai. de 2025, 18:04",4,5,3,4,4,4,Não,,cabine
"5 de mai. de 2025, 17:27",4,5,4,4,4,4,Não,,cabine
"5 de mai. de 2025, 17:19",4,4,4,4,4,4,Não,,armazenamento
"5 de mai. de 2025, 17:02",4,,,,,,,,armazenamento
"5 de mai. de 2025, 16:48",4,4,4,4,4,4,Não,,armazenamento
"5 de mai. de 2025, 16:42",4,,,,,,,,armazenamento
"5 de mai. de 2025, 16:35",4,4,4,4,4,4,Não,,armazenamento
"5 de mai. de 2025, 16:24",4,4,4,4,4,4,Não,,armazenamento
"5 de mai. de 2025, 16:05",5,,,,,,,,armazenamento
"5 de mai. de 2025, 14:40",4,4,4,4,,,,,armazenamento
"5 de mai. de 2025, 11:17",4,5,5,5,4,5,Não,,armazenamento
"4 de mai. de 2025, 09:41",4,4,4,,,,,,armazenamento
"3 de mai. de 2025, 18:45",5,5,5,5,5,5,Não,,usinas
"3 de mai. de 2025, 12:32",4,,,,,,,,armazenamento
"2 de mai. de 2025, 09:47",5,5,4,4,4,4,Não,,usinas
"28 de abr. de 2025, 15:00",4,4,4,4,4,4,Não,,lei14300
"28 de abr. de 2025, 14:24",5,5,5,5,5,5,Sim,,comercialevendas
"28 de abr. de 2025, 01:39",5,5,4,4,4,4,Não,,mercadolivre
"26 de abr. de 2025, 15:13",4,5,4,5,5,5,Não,,usinas
"25 de abr. de 2025, 22:59",5,5,5,4,5,5,Sim,"A parte técnica foi excelente, muito boa mesmo, principalmente a parte de inversores, baixa tensão e média tensão, porém a parte de SPDA e aterramento não foi tão bom assim, a parte de gestão também, contribuiu  , mas as citadas inicialmente bem mais.",usinas
"25 de abr. de 2025, 18:50",5,5,5,5,5,5,Não,,microgeracao
"25 de abr. de 2025, 18:39",5,5,5,5,,,,,microgeracao
"25 de abr. de 2025, 18:34",5,5,5,5,,,,,microgeracao
"24 de abr. de 2025, 12:26",3,4,4,4,3,4,Sim,"Alguns professores precisam melhorar bastante a didática e comunicação, para que a aula fica mais interessante e fácil de compreender.",armazenamento
"24 de abr. de 2025, 09:33",5,5,5,5,4,4,Não,,fundamentos
"22 de abr. de 2025, 17:04",4,4,4,4,4,4,Não,,comercialevendas
"22 de abr. de 2025, 12:32",4,5,5,4,4,4,Não,,aterramento
"21 de abr. de 2025, 09:52",5,5,5,4,5,5,Não,,usinas
"18 de abr. de 2025, 23:04",5,5,5,5,5,5,Não,,armazenamento
"16 de abr. de 2025, 16:13",4,5,5,4,4,4,Sim,,fundamentos
"16 de abr. de 2025, 15:45",4,5,,,,,,,fundamentos
"15 de abr. de 2025, 17:05",5,5,5,5,5,5,Não,,usinas
"15 de abr. de 2025, 15:14",5,5,4,4,4,4,Não,,armazenamento
"15 de abr. de 2025, 15:13",5,5,,,,,,,armazenamento
"15 de abr. de 2025, 14:29",5,5,5,5,5,5,Não,,comercialevendas
"15 de abr. de 2025, 13:21",5,5,5,5,,,,,usinas
"14 de abr. de 2025, 16:05",5,5,5,5,5,,,,comercialevendas
"14 de abr. de 2025, 15:27",5,5,5,5,,,,,comercialevendas
"14 de abr. de 2025, 00:29",5,5,5,4,5,5,Não,,usinas
"12 de abr. de 2025, 12:15",5,5,5,5,5,5,Sim,Parabéns pelo elevado conhecimento técnico e experiência do professor Dr. Paulo Freire e do nível do conteúdo apresentado. Gratidão ao Canal Solar.,aterramento
"11 de abr. de 2025, 21:57",5,5,5,5,5,5,Não,,usinas
"11 de abr. de 2025, 15:46",2,3,3,3,3,3,Não,,cabine
"11 de abr. de 2025, 12:06",5,,,,,,,,comercialevendas
"9 de abr. de 2025, 20:43",5,5,5,5,5,5,Não,,vendasavancadas
"9 de abr. de 2025, 18:04",4,4,4,3,4,4,Não,,comercialevendas
"9 de abr. de 2025, 18:02",5,4,4,3,4,4,Não,,comercialevendas
"9 de abr. de 2025, 13:56",3,3,2,4,3,2,Não,,vendasavancadas
"9 de abr. de 2025, 11:20",4,4,4,3,5,4,Não,,armazenamento
"8 de abr. de 2025, 12:10",5,5,5,5,5,5,Não,,armazenamento
"8 de abr. de 2025, 11:41",5,,,,,,,,usinas
"8 de abr. de 2025, 11:41",5,,,,,,,,usinas
"8 de abr. de 2025, 09:52",5,5,5,5,5,5,Não,,fundamentos
"7 de abr. de 2025, 17:04",4,5,4,5,5,5,Não,,armazenamento
"7 de abr. de 2025, 14:23",4,4,4,5,4,4,Não,,lei14300
"7 de abr. de 2025, 11:20",4,5,5,4,5,5,Não,,comercialevendas
"7 de abr. de 2025, 10:42",5,5,5,5,,,,,armazenamento
"6 de abr. de 2025, 21:36",5,5,5,4,5,5,Não,,usinas
"5 de abr. de 2025, 12:31",4,5,5,5,5,5,Não,,armazenamento
"5 de abr. de 2025, 12:25",5,5,5,5,5,5,Não,,armazenamento
"4 de abr. de 2025, 20:09",5,5,3,5,5,5,Não,,armazenamento
"4 de abr. de 2025, 20:08",5,5,4,5,,,,,armazenamento
"4 de abr. de 2025, 16:28",5,5,5,5,5,5,Não,,tributos
"3 de abr. de 2025, 08:09",4,4,4,4,4,4,Não,,fundamentos
"3 de abr. de 2025, 07:44",4,5,4,4,4,5,Não,,lei14300
"2 de abr. de 2025, 17:19",5,5,4,4,5,5,Não,,aterramento
"2 de abr. de 2025, 14:30",5,5,5,4,5,5,Não,,comercialevendas
"2 de abr. de 2025, 10:12",4,4,4,4,5,4,Não,,comercialevendas
"2 de abr. de 2025, 09:59",4,5,4,4,4,4,Não,,comercialevendas
"1 de abr. de 2025, 20:26",5,,,,,,,,tributos
"31 de mar. de 2025, 11:31",5,5,5,5,5,5,Não,,microgeracao
"31 de mar. de 2025, 10:44",4,5,5,,,,,,armazenamento
"31 de mar. de 2025, 08:23",5,5,4,4,5,4,,,aterramento
"28 de mar. de 2025, 23:04",4,5,4,5,5,5,Não,,visitaguiada
"28 de mar. de 2025, 09:14",5,5,5,5,5,5,Não,,fundamentos
"27 de mar. de 2025, 17:17",3,4,5,3,4,4,Não,,usinas
"26 de mar. de 2025, 23:53",4,5,5,4,5,4,Não,,hidrogenio
"26 de mar. de 2025, 23:48",4,5,5,4,4,5,Não,,hidrogenio
"25 de mar. de 2025, 17:30",5,,,,,,,,armazenamento
"24 de mar. de 2025, 22:25",5,5,5,5,5,5,Não,,fundamentos
"24 de mar. de 2025, 16:47",5,5,5,5,5,5,Não,,fundamentos
"24 de mar. de 2025, 12:43",5,5,5,5,4,4,Não,,usinas
"24 de mar. de 2025, 11:04",4,5,4,4,5,4,Não,,armazenamento
"21 de mar. de 2025, 15:56",5,5,5,4,5,5,Não,,comercialevendas
"20 de mar. de 2025, 11:15",5,5,5,5,5,5,Não,,armazenamento
"19 de mar. de 2025, 22:04",5,5,5,4,5,5,Não,,fundamentos
"19 de mar. de 2025, 01:15",5,5,5,,,,,,usinas
"18 de mar. de 2025, 16:52",5,5,5,5,5,5,Não,,pvsyst
"18 de mar. de 2025, 16:46",5,5,5,5,5,5,Não,,pvsyst
"18 de mar. de 2025, 16:45",5,5,5,5,5,5,Sim,,pvsyst
"18 de mar. de 2025, 16:44",5,5,5,5,5,5,Sim,,pvsyst
"17 de mar. de 2025, 11:27",1,,,,,,,,usinas
"17 de mar. de 2025, 08:56",5,5,5,5,5,5,Não,,comercialevendas
"16 de mar. de 2025, 21:49",1,1,1,1,1,1,Sim,"Eu não entendi nada. Vocês me venderam curti para ensinar projeto com baterias. E não falaram nada sobre isso. E o módulo de aulas on LINE não tem nenhuma aula nele. 
Vocês ainda vão entregar mais algum conteúdo? Ou é só isso mesmo? 
Porque desta maneira não está entregando o produto que vc me vendeu. 
Aguardo um retorno urgente da parte de vocês. 
Marcelo 
31987979095 ",armazenamento
"16 de mar. de 2025, 21:30",3,4,1,3,3,3,Não,,armazenamento
"16 de mar. de 2025, 16:33",5,5,5,5,5,5,Não,,fundamentos
"16 de mar. de 2025, 16:23",5,5,5,5,5,5,Não,,fundamentos
"16 de mar. de 2025, 16:20",5,5,5,5,5,5,Não,,fundamentos
"14 de mar. de 2025, 12:16",4,5,5,4,5,5,Sim,"Quero agradecer a toda equipe envolvida neste curso, ao orientador Denilson Lima por compartilhar seu conhecimento. 
Gratidão.

Fábio Mattos",cabine
"14 de mar. de 2025, 11:02",5,5,4,4,5,5,Não,,usinas
"13 de mar. de 2025, 11:15",5,5,5,5,5,5,Não,,mercadolivre
"13 de mar. de 2025, 08:57",5,5,5,5,5,5,Não,,fundamentos
"13 de mar. de 2025, 08:57",5,5,5,5,5,5,Não,,fundamentos
"13 de mar. de 2025, 08:48",5,5,5,5,5,5,Não,,fundamentos
"12 de mar. de 2025, 20:25",5,5,5,5,4,5,Não,,aterramento
"10 de mar. de 2025, 10:26",5,5,5,5,5,5,Não,,fundamentos
"8 de mar. de 2025, 15:18",3,4,3,4,3,3,Não,,armazenamento
"6 de mar. de 2025, 16:15",5,5,5,5,5,5,Não,,fundamentos
"6 de mar. de 2025, 15:44",3,3,3,3,3,3,Sim,"Acho que as explicações poderiam ser mais detalhadas, pois nem sempre todos conseguem entender, resultando na busca por recursos como o IA e o Google!
Quando não se tem um material didático em mãos, como apostila escrita para acompanhamento das aulas, fica tudo mais complicado e difícil de se entender, pois nem sempre todos conseguem acompanhar o raciocínio!
Mesmo voltando o vídeo varias vezes, muitos assuntos passam batido!",mercadolivre
"6 de mar. de 2025, 15:43",4,4,4,,,,,,mercadolivre
"6 de mar. de 2025, 15:31",4,4,3,3,3,3,Sim,"Acho que as explicaçoes poderiam ser mais detalhadas, pois nem sempre todos conseguem entender, resultando na busca por recusos como o IA e o Google!
Quando não se tem um material didático em mãos, como apostila escrita para acompanhamento das aulas, fica tudo mais complicado e difícil de se entender, pois nem sempre todos conseguem acompanhar o raciocínio!",mercadolivre
"6 de mar. de 2025, 15:29",3,3,,,,,,,mercadolivre
"5 de mar. de 2025, 23:16",4,5,4,5,5,5,Não,,microgeracao
"4 de mar. de 2025, 21:53",5,5,5,5,5,5,Não,,fundamentos
"4 de mar. de 2025, 15:33",5,5,5,5,5,5,Não,,armazenamento
"4 de mar. de 2025, 10:48",5,5,5,5,5,5,Não,,fundamentos
"3 de mar. de 2025, 10:15",5,5,5,5,5,5,Não,,lei14300
"3 de mar. de 2025, 10:11",5,5,4,5,5,5,Sim,Ótimo curso,lei14300
"3 de mar. de 2025, 10:10",5,5,5,5,5,5,Não,,lei14300
"28 de fev. de 2025, 08:46",5,5,4,4,5,5,Sim,"Os videos que ficam gravados poderiam ser editados, muito ruim ficar vendo pessoas sem nenhuma interação, tendo que avançar advinhando",usinas
"28 de fev. de 2025, 08:22",5,5,5,5,5,5,Não,,usinas
"27 de fev. de 2025, 19:02",5,5,5,5,5,5,Não,,usinas
"27 de fev. de 2025, 09:22",4,5,4,4,4,4,Não,,usinas
"26 de fev. de 2025, 15:09",5,5,5,5,5,5,Não,,armazenamento
"26 de fev. de 2025, 14:57",5,4,4,5,5,5,Não,,armazenamento
"26 de fev. de 2025, 14:52",5,5,4,5,5,5,Não,,armazenamento
"26 de fev. de 2025, 10:23",5,5,4,5,5,5,Não,,fundamentos
"25 de fev. de 2025, 17:24",5,5,5,5,5,5,Não,,fundamentos
"25 de fev. de 2025, 16:30",5,5,5,5,5,5,Não,,zerogrid
"25 de fev. de 2025, 15:49",4,5,3,4,4,4,Não,,aterramento
"25 de fev. de 2025, 08:08",5,5,4,5,5,5,Não,,microgeracao
"23 de fev. de 2025, 17:03",5,5,5,5,5,5,Sim,"Gostaria de ver cases de sucesso, mostrando na pratica passo a passo de como conduzir uma venda dessas! Talvez existe dificuldade pelo próprio sigilo, mas enxergar isso na prática seria ótimo! Mas, parabéns, o curso é maravilhoso.",vendasavancadas
"23 de fev. de 2025, 16:55",5,5,4,5,,,,,pvsyst
"23 de fev. de 2025, 14:45",5,5,4,5,,,,,pvsyst
"21 de fev. de 2025, 10:11",5,5,5,5,5,5,Não,,usinas
"19 de fev. de 2025, 16:57",3,4,3,3,,,,,comercialevendas
"18 de fev. de 2025, 15:39",5,5,5,5,5,5,Não,,comercialevendas
"18 de fev. de 2025, 15:09",5,,,,,,,,comercialevendas
"17 de fev. de 2025, 18:35",5,5,5,5,5,5,Não,,armazenamento
"17 de fev. de 2025, 15:48",5,5,5,5,5,5,Não,,comercialevendas
"17 de fev. de 2025, 15:38",5,5,5,5,5,5,Não,,comercialevendas
"17 de fev. de 2025, 15:34",5,5,5,5,5,5,Não,,comercialevendas
"17 de fev. de 2025, 11:51",5,5,5,5,5,5,Não,,comercialevendas
"13 de fev. de 2025, 16:13",3,4,,,,,,,fundamentos
"13 de fev. de 2025, 10:11",5,5,5,5,5,5,Não,,armazenamento
"13 de fev. de 2025, 08:21",4,5,5,5,5,5,Não,,armazenamento
"19 de dez. de 2024, 14:51",1,2,2,5,5,4,Sim,hhhhhh,
"19 de dez. de 2024, 13:26",2,,,,,,,,
"19 de dez. de 2024, 13:20",5,,,,,,,,
"19 de dez. de 2024, 12:59",4,,,,,,,,
"19 de dez. de 2024, 12:53",2,2,4,,,,,,
"19 de dez. de 2024, 12:47",1,1,1,1,,,,,
"19 de dez. de 2024, 12:36",4,,,,,,,,
"19 de dez. de 2024, 12:36",4,,,,,,,,
"19 de dez. de 2024, 12:18",2,,,,,,,,
"19 de dez. de 2024, 12:18",4,2,,,,,,,
"19 de dez. de 2024, 12:05",2,4,5,1,3,2,Sim,gg,
"19 de dez. de 2024, 11:50",4,2,1,1,2,1,Click to edit,,
"19 de dez. de 2024, 11:46",4,5,5,5,4,4,,,
"19 de dez. de 2024, 11:44",2,,,,,,,,
"19 de dez. de 2024, 11:38",3,,,,,,,,
"19 de dez. de 2024, 11:08",1,,,,,,,,
"19 de dez. de 2024, 11:06",4,,,,,,,,
"19 de dez. de 2024, 10:32",4,,,,,,,,
"19 de dez. de 2024, 10:03",3,,,,,,,,
"19 de dez. de 2024, 10:02",5,,,,,,,,